{
  "project_info": {
    "project_number": "385918137460",
    "firebase_url": "https://testing-c9b22.firebaseio.com",
    "project_id": "testing-c9b22",
    "storage_bucket": "testing-c9b22.appspot.com"
  },
  "client": [
    {
      "client_info": {
        "mobilesdk_app_id": "1:385918137460:android:d8d1c16a9be11f8aa84d21",
        "android_client_info": {
          "package_name": "com.example.currentplacedetailsonmap"
        }
      },
      "oauth_client": [
        {
          "client_id": "385918137460-a3594f5pl0bjkmvvtnhotp59nouu9k5i.apps.googleusercontent.com",
          "client_type": 1,
          "android_info": {
            "package_name": "com.example.currentplacedetailsonmap",
            "certificate_hash": "27dd089c700db42f96f99dab256283379051219a"
          }
        },
        {
          "client_id": "385918137460-pvjdhv31fkjl650m7gk6qmu6gd76pbq9.apps.googleusercontent.com",
          "client_type": 1,
          "android_info": {
            "package_name": "com.example.currentplacedetailsonmap",
            "certificate_hash": "b3ec8adb623eec96c98b40bb1bb8bf4ab4bf3393"
          }
        },
        {
          "client_id": "385918137460-qcle7crjtbj3ufsm243kq8slrece3oc1.apps.googleusercontent.com",
          "client_type": 3
        }
      ],
      "api_key": [
        {
          "current_key": "AIzaSyCgpT7u5_SvkstbrI0UPlHDZO8MVnAbY64"
        }
      ],
      "services": {
        "appinvite_service": {
          "other_platform_oauth_client": [
            {
              "client_id": "385918137460-qcle7crjtbj3ufsm243kq8slrece3oc1.apps.googleusercontent.com",
              "client_type": 3
            }
          ]
        }
      }
    },
    {
      "client_info": {
        "mobilesdk_app_id": "1:385918137460:android:c1b924cf52132eb9a84d21",
        "android_client_info": {
          "package_name": "com.example.newfirebase"
        }
      },
      "oauth_client": [
        {
          "client_id": "385918137460-3q9frbem14vlabim5hq08i0vvdamoh3c.apps.googleusercontent.com",
          "client_type": 1,
          "android_info": {
            "package_name": "com.example.newfirebase",
            "certificate_hash": "b3ec8adb623eec96c98b40bb1bb8bf4ab4bf3393"
          }
        },
        {
          "client_id": "385918137460-qcle7crjtbj3ufsm243kq8slrece3oc1.apps.googleusercontent.com",
          "client_type": 3
        }
      ],
      "api_key": [
        {
          "current_key": "AIzaSyCgpT7u5_SvkstbrI0UPlHDZO8MVnAbY64"
        }
      ],
      "services": {
        "appinvite_service": {
          "other_platform_oauth_client": [
            {
              "client_id": "385918137460-qcle7crjtbj3ufsm243kq8slrece3oc1.apps.googleusercontent.com",
              "client_type": 3
            }
          ]
        }
      }
    }
  ],
  "configuration_version": "1"
}